037a8c,::1,GET,http://localhost/Alomed1/web/app_dev.php/index,1608206755,,200
979c7a,::1,GET,http://localhost/Alomed1/web/app_dev.php/index,1608206774,,200
79f287,::1,GET,http://localhost/Alomed1/web/app_dev.php/index,1608206775,,200
0fed3b,::1,GET,http://localhost/Alomed1/web/app_dev.php/index,1608206780,,200
0e282c,::1,GET,http://localhost/Alomed1/web/app_dev.php/livreur/24,1608206784,,200
a1a620,::1,GET,http://localhost/Alomed1/web/app_dev.php/index,1608206820,,200
61b493,::1,GET,http://localhost/Alomed1/web/app_dev.php/index,1608206821,,200
92fd9d,::1,GET,http://localhost/Alomed1/web/app_dev.php/index,1608206860,,200
062586,::1,GET,http://localhost/Alomed1/web/app_dev.php/index,1608206892,,200
eeba1d,::1,GET,http://localhost/Alomed1/web/app_dev.php/index,1608206913,,200
e5540a,::1,GET,http://localhost/Alomed1/web/app_dev.php/index,1608206925,,200
578f67,::1,GET,http://localhost/Alomed1/web/app_dev.php/index,1608207104,,200
f4ffc9,::1,GET,http://localhost/Alomed1/web/app_dev.php/index,1608207135,,200
f2f9a6,::1,GET,http://localhost/Alomed1/web/app_dev.php/index,1608207152,,200
eb59fe,::1,GET,http://localhost/Alomed1/web/app_dev.php/index,1608207164,,200
8a1881,::1,GET,http://localhost/Alomed1/web/app_dev.php/index,1608207212,,200
f7023c,::1,GET,http://localhost/Alomed1/web/app_dev.php/index,1608207244,,200
049295,::1,GET,http://localhost/Alomed1/web/app_dev.php/index,1608207254,,200
123b12,::1,GET,http://localhost/Alomed1/web/app_dev.php/index,1608207255,,200
a72de7,::1,GET,http://localhost/Alomed1/web/app_dev.php/index,1608207256,,200
b3ba4b,::1,GET,http://localhost/Alomed1/web/app_dev.php/index,1608207256,,200
4f182e,::1,GET,http://localhost/Alomed1/web/app_dev.php/index,1608207261,,200
b31125,::1,GET,http://localhost/Alomed1/web/app_dev.php/index,1608207270,,200
3084c6,::1,GET,http://localhost/Alomed1/web/app_dev.php/index,1608207278,,200
db5589,::1,GET,http://localhost/Alomed1/web/app_dev.php/index,1608207287,,200
fb2b6e,::1,GET,http://localhost/Alomed1/web/app_dev.php/index,1608207299,,200
5c8204,::1,GET,http://localhost/Alomed1/web/app_dev.php/index,1608207316,,200
678e83,::1,GET,http://localhost/Alomed1/web/app_dev.php/index,1608207367,,200
fd9423,::1,GET,http://localhost/Alomed1/web/app_dev.php/index,1608207380,,200
a4f194,::1,GET,http://localhost/Alomed1/web/app_dev.php/index,1608207387,,200
d0070b,::1,GET,http://localhost/Alomed1/web/app_dev.php/index,1608207398,,200
b2ad80,::1,GET,http://localhost/Alomed1/web/app_dev.php/index,1608207443,,200
41a2b8,::1,GET,http://localhost/Alomed1/web/app_dev.php/index,1608207445,,200
4d41cf,::1,GET,http://localhost/Alomed1/web/app_dev.php/index,1608207466,,200
dce15b,::1,GET,http://localhost/Alomed1/web/app_dev.php/index,1608207640,,200
3e7272,::1,GET,http://localhost/Alomed1/web/app_dev.php/index,1608207677,,200
1c9792,::1,GET,http://localhost/Alomed1/web/app_dev.php/index,1608207700,,200
df0013,::1,GET,http://localhost/Alomed1/web/app_dev.php/index,1608207710,,200
cae9d0,::1,GET,http://localhost/Alomed1/web/app_dev.php/index,1608207962,,200
a33cce,::1,GET,http://localhost/Alomed1/web/app_dev.php/index,1608207977,,200
18d406,::1,GET,http://localhost/Alomed1/web/app_dev.php/index,1608207989,,200
de3908,::1,GET,http://localhost/Alomed1/web/app_dev.php/index,1608208072,,200
bebaab,::1,GET,http://localhost/Alomed1/web/app_dev.php/index,1608208082,,200
e9ae7b,::1,GET,http://localhost/Alomed1/web/app_dev.php/index,1608208090,,200
d0ffb4,::1,GET,http://localhost/Alomed1/web/app_dev.php/index,1608208104,,200
564d1a,::1,GET,http://localhost/Alomed1/web/app_dev.php/index,1608208150,,200
59dd8f,::1,GET,http://localhost/Alomed1/web/app_dev.php/index,1608208152,,200
cd14d4,::1,GET,http://localhost/Alomed1/web/app_dev.php/index,1608208166,,200
59150b,::1,GET,http://localhost/Alomed1/web/app_dev.php/index,1608208199,,200
082dce,::1,GET,http://localhost/Alomed1/web/app_dev.php/index,1608208201,,200
6e1e37,::1,GET,http://localhost/Alomed1/web/app_dev.php/index,1608208320,,200
db0afc,::1,GET,http://localhost/Alomed1/web/app_dev.php/index,1608208347,,200
12cdab,::1,GET,http://localhost/Alomed1/web/app_dev.php/index,1608208372,,200
997a06,::1,GET,http://localhost/Alomed1/web/app_dev.php/index,1608208403,,200
c362c5,::1,GET,http://localhost/Alomed1/web/app_dev.php/index,1608208404,,200
78703d,::1,GET,http://localhost/Alomed1/web/app_dev.php/index,1608208412,,200
6d9d33,::1,GET,http://localhost/Alomed1/web/app_dev.php/index,1608208425,,200
43fec6,::1,GET,http://localhost/Alomed1/web/app_dev.php/index,1608208426,,200
3571de,::1,GET,http://localhost/Alomed1/web/app_dev.php/index,1608208438,,200
3609db,::1,GET,http://localhost/Alomed1/web/app_dev.php/index,1608208440,,200
950a45,::1,GET,http://localhost/Alomed1/web/app_dev.php/index,1608208453,,200
0d40e4,::1,GET,http://localhost/Alomed1/web/app_dev.php/index,1608208474,,200
f7965c,::1,GET,http://localhost/Alomed1/web/app_dev.php/index,1608208503,,200
c4706a,::1,GET,http://localhost/Alomed1/web/app_dev.php/index,1608208516,,200
ee1af2,::1,GET,http://localhost/Alomed1/web/app_dev.php/index,1608208524,,200
081471,::1,GET,http://localhost/Alomed1/web/app_dev.php/index,1608208543,,200
4040b5,::1,GET,http://localhost/Alomed1/web/app_dev.php/index,1608208552,,200
4946a0,::1,GET,http://localhost/Alomed1/web/app_dev.php/index,1608208609,,200
5fc7ae,::1,GET,http://localhost/Alomed1/web/app_dev.php/index,1608208610,,200
64f443,::1,GET,http://localhost/Alomed1/web/app_dev.php/index,1608208623,,200
9bd29f,::1,GET,http://localhost/Alomed1/web/app_dev.php/index,1608208638,,200
084765,::1,GET,http://localhost/Alomed1/web/app_dev.php/index,1608208639,,200
fd925b,::1,GET,http://localhost/Alomed1/web/app_dev.php/index,1608208639,,200
6707a2,::1,GET,http://localhost/Alomed1/web/app_dev.php/index,1608208686,,200
980461,::1,GET,http://localhost/Alomed1/web/app_dev.php/index,1608208687,,200
8a8ddc,::1,GET,http://localhost/Alomed1/web/app_dev.php/index,1608208707,,200
b36b5d,::1,GET,http://localhost/Alomed1/web/app_dev.php/index,1608208837,,200
12dc45,::1,GET,http://localhost/Alomed1/web/app_dev.php/index,1608208841,,200
d59165,::1,GET,http://localhost/Alomed1/web/app_dev.php/index,1608208983,,200
8944c6,::1,GET,http://localhost/Alomed1/web/app_dev.php/index,1608208984,,200
03495e,::1,GET,http://localhost/Alomed1/web/app_dev.php/index,1608209027,,200
856989,::1,GET,http://localhost/Alomed1/web/app_dev.php/index,1608209028,,200
35c99c,::1,GET,http://localhost/Alomed1/web/app_dev.php/index,1608209030,,200
39ba08,::1,GET,http://localhost/Alomed1/web/app_dev.php/index,1608209035,,200
d694db,::1,GET,http://localhost/Alomed1/web/app_dev.php/index,1608209070,,200
8379c5,::1,GET,http://localhost/Alomed1/web/app_dev.php/index,1608209130,,200
a4c9b3,::1,GET,http://localhost/Alomed1/web/app_dev.php/index,1608209139,,200
1f2e7f,::1,GET,http://localhost/Alomed1/web/app_dev.php/index,1608209271,,200
d00e5f,::1,GET,http://localhost/Alomed1/web/app_dev.php/index,1608209416,,200
d1ecb3,::1,GET,http://localhost/Alomed1/web/app_dev.php/bird.jpg,1608209416,7d6b32,200
7d6b32,::1,GET,http://localhost/Alomed1/web/app_dev.php/bird.jpg,1608209416,,404
257e12,::1,GET,http://localhost/Alomed1/web/app_dev.php/index,1608209428,,200
e04cec,::1,GET,http://localhost/Alomed1/web/app_dev.php/bird.jpg,1608209428,4cf6ca,200
4cf6ca,::1,GET,http://localhost/Alomed1/web/app_dev.php/bird.jpg,1608209428,,404
64e843,::1,GET,http://localhost/Alomed1/web/app_dev.php/index,1608209616,,200
291fb9,::1,GET,http://localhost/Alomed1/web/app_dev.php/logo.png,1608209616,982904,200
982904,::1,GET,http://localhost/Alomed1/web/app_dev.php/logo.png,1608209616,,404
7823b0,::1,GET,http://localhost/Alomed1/web/app_dev.php/index,1608209800,,200
6740fe,::1,GET,http://localhost/Alomed1/web/app_dev.php/logo.jpg,1608209800,a875d6,200
a875d6,::1,GET,http://localhost/Alomed1/web/app_dev.php/logo.jpg,1608209800,,404
ed92cd,::1,GET,http://localhost/Alomed1/web/app_dev.php/index,1608209887,,200
602e08,::1,GET,http://localhost/Alomed1/web/app_dev.php/index,1608209905,,200
096b61,::1,GET,http://localhost/Alomed1/web/app_dev.php/index,1608209907,,200
8663af,::1,GET,http://localhost/Alomed1/web/app_dev.php/index,1608209913,,200
ccb12a,::1,GET,http://localhost/Alomed1/web/app_dev.php/index,1608209922,,200
8dc461,::1,GET,http://localhost/Alomed1/web/app_dev.php/index,1608209923,,200
743503,::1,GET,http://localhost/Alomed1/web/app_dev.php/index,1608209993,,200
67d704,::1,GET,http://localhost/Alomed1/web/app_dev.php/logo.jpg,1608209993,bcc370,200
bcc370,::1,GET,http://localhost/Alomed1/web/app_dev.php/logo.jpg,1608209993,,404
ed87d3,::1,GET,http://localhost/Alomed1/web/app_dev.php/index,1608210021,,200
46ec7e,::1,GET,http://localhost/Alomed1/web/app_dev.php/logo.jpg,1608210021,7b5013,200
7b5013,::1,GET,http://localhost/Alomed1/web/app_dev.php/logo.jpg,1608210021,,404
e061c5,::1,GET,http://localhost/Alomed1/web/app_dev.php/index,1608211482,,200
736d19,::1,GET,http://localhost/Alomed1/web/app_dev.php/logo.jpg,1608211482,2a08d2,200
2a08d2,::1,GET,http://localhost/Alomed1/web/app_dev.php/logo.jpg,1608211482,,404
bd2d06,::1,GET,http://localhost/Alomed1/web/app_dev.php/index,1608211492,,200
d4b312,::1,GET,http://localhost/Alomed1/web/app_dev.php/logo.jpg,1608211492,da6bc4,200
da6bc4,::1,GET,http://localhost/Alomed1/web/app_dev.php/logo.jpg,1608211492,,404
c87363,::1,GET,http://localhost/Alomed1/web/app_dev.php/index,1608212188,,200
f37177,::1,GET,http://localhost/Alomed1/web/app_dev.php/livreur,1608213314,,200
f73209,::1,GET,http://localhost/Alomed1/web/app_dev.php/livreur/24,1608214080,,200
26f6c5,::1,GET,http://localhost/Alomed1/web/app_dev.php/livreur/24,1608214105,,200
b05241,::1,GET,http://localhost/Alomed1/web/app_dev.php/indexmedecin,1608214746,,200
79a1bc,::1,GET,http://localhost/Alomed1/web/app_dev.php/medecin,1608215733,ff502a,200
ff502a,::1,GET,http://localhost/Alomed1/web/app_dev.php/medecin,1608215733,,500
9f176e,::1,GET,http://localhost/Alomed1/web/app_dev.php/medecin,1608215820,,200
9a2e0e,::1,GET,http://localhost/Alomed1/web/app_dev.php/medecin,1608215837,e59b40,200
e59b40,::1,POST,http://localhost/Alomed1/web/app_dev.php/medecin,1608215837,,500
117aff,::1,GET,http://localhost/Alomed1/web/app_dev.php/medecin,1608215964,,200
601f32,::1,POST,http://localhost/Alomed1/web/app_dev.php/medecin,1608215991,,302
1e3ca7,::1,GET,http://localhost/Alomed1/web/app_dev.php/indexmedecin,1608215991,,200
5875cd,::1,GET,http://localhost/Alomed1/web/app_dev.php/indexmedecin,1608216574,,200
a7feae,::1,GET,http://localhost/Alomed1/web/app_dev.php/medecin/1,1608216579,,200
a96477,::1,GET,http://localhost/Alomed1/web/app_dev.php/medecin/1,1608216604,,200
00916a,::1,GET,http://localhost/Alomed1/web/app_dev.php/index,1608216607,,200
2045f8,::1,GET,http://localhost/Alomed1/web/app_dev.php/indexmedecin,1608216616,,200
f5fd65,::1,GET,http://localhost/Alomed1/web/app_dev.php/indexmedecin,1608216862,,200
c223f5,::1,GET,http://localhost/Alomed1/web/app_dev.php/deletemedecin/1,1608216868,,302
d9bb11,::1,GET,http://localhost/Alomed1/web/app_dev.php/indexmedecin,1608216869,,200
6edf3a,::1,GET,http://localhost/Alomed1/web/app_dev.php/livreur,1608216879,34b683,200
34b683,::1,GET,http://localhost/Alomed1/web/app_dev.php/livreur,1608216879,,500
4dc6a2,::1,GET,http://localhost/Alomed1/web/app_dev.php/indexmedecin,1608216900,,200
919ba8,::1,GET,http://localhost/Alomed1/web/app_dev.php/indexmedecin,1608216954,,200
735ee6,::1,GET,http://localhost/Alomed1/web/app_dev.php/medecin,1608216961,,200
757238,::1,POST,http://localhost/Alomed1/web/app_dev.php/medecin,1608216967,,302
5c5dba,::1,GET,http://localhost/Alomed1/web/app_dev.php/indexmedecin,1608216967,,200
f56266,::1,GET,http://localhost/Alomed1/web/app_dev.php/medecin/2,1608216973,,200
e7663f,::1,GET,http://localhost/Alomed1/web/app_dev.php/index,1608216978,,200
4814ee,::1,GET,http://localhost/Alomed1/web/app_dev.php/indexmedecin,1608216994,,200
dd0543,::1,GET,http://localhost/Alomed1/web/app_dev.php/indexmedecin,1608217444,,200
6a9159,::1,GET,http://localhost/Alomed1/web/app_dev.php/updatemedecin/2,1608217448,,200
a6a962,::1,POST,http://localhost/Alomed1/web/app_dev.php/updatemedecin/2,1608217453,,302
8c99c5,::1,GET,http://localhost/Alomed1/web/app_dev.php/indexmedecin,1608217453,,200
23e9cd,::1,GET,http://localhost/Alomed1/web/app_dev.php/indexmedecin,1608219163,,200
8e2ee9,::1,GET,http://localhost/Alomed1/web/app_dev.php/indexmedecin,1608219208,,200
91f2d3,::1,GET,http://localhost/Alomed1/web/app_dev.php/indexmedecin,1608219210,,200
a42495,::1,GET,http://localhost/Alomed1/web/app_dev.php/indexmedecin,1608219260,,200
902226,::1,GET,http://localhost/Alomed1/web/app_dev.php/indexmedecin,1608219345,,200
60e4e5,::1,GET,http://localhost/Alomed1/web/app_dev.php/indexmedecin,1608219393,,200
bd76c6,::1,GET,http://localhost/Alomed1/web/app_dev.php/indexmedecin,1608219441,,200
cf7438,::1,GET,http://localhost/Alomed1/web/app_dev.php/indexmedecin,1608219574,,200
fb9152,::1,GET,http://localhost/Alomed1/web/app_dev.php/indexmedecin,1608219633,,200
778b11,::1,GET,http://localhost/Alomed1/web/app_dev.php/indexmedecin,1608219634,,200
847976,::1,GET,http://localhost/Alomed1/web/app_dev.php/indexmedecin,1608219662,,200
3b6868,::1,GET,http://localhost/Alomed1/web/app_dev.php/indexmedecin,1608219665,,200
8afd93,::1,GET,http://localhost/Alomed1/web/app_dev.php/indexmedecin,1608219675,,200
e73aa8,::1,GET,http://localhost/Alomed1/web/app_dev.php/indexmedecin,1608219713,,200
1efa42,::1,GET,http://localhost/Alomed1/web/app_dev.php/indexmedecin,1608219725,,200
889058,::1,GET,http://localhost/Alomed1/web/app_dev.php/indexmedecin,1608220106,,200
83f748,::1,GET,http://localhost/Alomed1/web/app_dev.php/indexmedecin,1608220125,,200
62e362,::1,GET,http://localhost/Alomed1/web/app_dev.php/indexmedecin,1608220142,,200
32f2f9,::1,GET,http://localhost/Alomed1/web/app_dev.php/indexmedecin,1608220211,,200
6c88b1,::1,GET,http://localhost/Alomed1/web/app_dev.php/indexmedecin,1608220223,,200
c1400d,::1,GET,http://localhost/Alomed1/web/app_dev.php/indexmedecin,1608220238,,200
aa75e2,::1,GET,http://localhost/Alomed1/web/app_dev.php/indexmedecin,1608220240,,200
c0f84e,::1,GET,http://localhost/Alomed1/web/app_dev.php/indexmedecin,1608220248,,200
657e14,::1,GET,http://localhost/Alomed1/web/app_dev.php/indexmedecin,1608220283,,200
13bd61,::1,GET,http://localhost/Alomed1/web/app_dev.php/indexmedecin,1608224192,,200
ad3e93,::1,GET,http://localhost/Alomed1/web/app_dev.php/indexmedecin,1608224355,,200
b59c03,::1,GET,http://localhost/Alomed1/web/app_dev.php/indexmedecin,1608224720,,200
2d415d,::1,GET,http://localhost/Alomed1/web/app_dev.php/indexmedecin,1608224724,,200
ddc3a9,::1,GET,http://localhost/Alomed1/web/app_dev.php/indexmedecin,1608224777,,200
ec6a92,::1,GET,http://localhost/Alomed1/web/app_dev.php/indexmedecin,1608224823,,200
6b448c,::1,GET,http://localhost/Alomed1/web/app_dev.php/indexmedecin,1608224838,,200
bb6689,::1,GET,http://localhost/Alomed1/web/app_dev.php/indexmedecin,1608224868,,200
2a82ef,::1,GET,http://localhost/Alomed1/web/app_dev.php/indexmedecin,1608224918,,200
3f27a0,::1,GET,http://localhost/Alomed1/web/app_dev.php/indexmedecin,1608224952,,200
d0e6fb,::1,GET,http://localhost/Alomed1/web/app_dev.php/indexmedecin,1608225520,,200
3b13f6,::1,GET,http://localhost/Alomed1/web/app_dev.php/indexmedecin,1608225561,,200
eb1128,::1,GET,http://localhost/Alomed1/web/app_dev.php/indexmedecin,1608225564,,200
7e2018,::1,GET,http://localhost/Alomed1/web/app_dev.php/indexmedecin,1608225566,,200
9813e0,::1,GET,http://localhost/Alomed1/web/app_dev.php/indexmedecin,1608225594,,200
b2204b,::1,GET,http://localhost/Alomed1/web/app_dev.php/indexmedecin,1608225657,,200
d2aa21,::1,GET,http://localhost/Alomed1/web/app_dev.php/indexmedecin,1608225692,,200
0fe95d,::1,GET,http://localhost/Alomed1/web/app_dev.php/indexmedecin,1608225707,,200
6edbe3,::1,GET,http://localhost/Alomed1/web/app_dev.php/indexmedecin,1608225757,,200
57b380,::1,GET,http://localhost/Alomed1/web/app_dev.php/indexmedecin,1608225946,,200
332a88,::1,GET,http://localhost/Alomed1/web/app_dev.php/indexmedecin,1608226024,,200
bbc332,::1,GET,http://localhost/Alomed1/web/app_dev.php/indexmedecin,1608226029,,200
99d233,::1,GET,http://localhost/Alomed1/web/app_dev.php/indexmedecin,1608226111,,200
9a3423,::1,GET,http://localhost/Alomed1/web/app_dev.php/indexmedecin,1608226196,,200
f1bed0,::1,GET,http://localhost/Alomed1/web/app_dev.php/indexmedecin,1608226201,,200
920663,::1,GET,http://localhost/Alomed1/web/app_dev.php/indexmedecin,1608226205,,200
6982c9,::1,GET,http://localhost/Alomed1/web/app_dev.php/indexmedecin,1608226253,,200
f21745,::1,GET,http://localhost/Alomed1/web/app_dev.php/indexmedecin,1608226334,,200
8cc301,::1,GET,http://localhost/Alomed1/web/app_dev.php/indexmedecin,1608226343,,200
7c2c35,::1,GET,http://localhost/Alomed1/web/app_dev.php/indexmedecin,1608226618,,200
0702ff,::1,GET,http://localhost/Alomed1/web/app_dev.php/indexmedecin,1608226622,,200
dcfe77,::1,GET,http://localhost/Alomed1/web/app_dev.php/indexmedecin,1608226752,,200
950b04,::1,GET,http://localhost/Alomed1/web/app_dev.php/indexmedecin,1608226812,,200
6cf047,::1,GET,http://localhost/Alomed1/web/app_dev.php/indexmedecin,1608226869,,200
698b1f,::1,GET,http://localhost/Alomed1/web/app_dev.php/indexmedecin,1608226926,,200
67ef4a,::1,GET,http://localhost/Alomed1/web/app_dev.php/indexmedecin,1608226944,,200
3b69d2,::1,GET,http://localhost/Alomed1/web/app_dev.php/indexmedecin,1608227044,,200
587189,::1,GET,http://localhost/Alomed1/web/app_dev.php/indexmedecin,1608227083,,200
941a7b,::1,GET,http://localhost/Alomed1/web/app_dev.php/indexmedecin,1608227170,,200
493686,::1,GET,http://localhost/Alomed1/web/app_dev.php/indexmedecin,1608227193,,200
5e6935,::1,GET,http://localhost/Alomed1/web/app_dev.php/indexmedecin,1608227199,,200
923a03,::1,GET,http://localhost/Alomed1/web/app_dev.php/indexmedecin,1608227236,,200
b508a3,::1,GET,http://localhost/Alomed1/web/app_dev.php/indexmedecin,1608227290,,200
2d7cef,::1,GET,http://localhost/Alomed1/web/app_dev.php/indexmedecin,1608227297,,200
8aa698,::1,GET,http://localhost/Alomed1/web/app_dev.php/indexmedecin,1608227303,,200
b8b268,::1,GET,http://localhost/Alomed1/web/app_dev.php/medecin,1608227361,,200
5ad7c8,::1,GET,http://localhost/Alomed1/web/app_dev.php/indexmedecin,1608227386,,200
813bb3,::1,GET,http://localhost/Alomed1/web/app_dev.php/indexmedecin,1608227429,,200
865e4e,::1,GET,http://localhost/Alomed1/web/app_dev.php/indexmedecin,1608227447,,200
eb2dfd,::1,GET,http://localhost/Alomed1/web/app_dev.php/indexmedecin,1608227513,,200
6c6efa,::1,GET,http://localhost/Alomed1/web/app_dev.php/indexmedecin,1608227537,,200
1ef13c,::1,GET,http://localhost/Alomed1/web/app_dev.php/indexmedecin,1608227788,,200
c637bd,::1,GET,http://localhost/Alomed1/web/app_dev.php/indexmedecin,1608227799,,200
8bdd8f,::1,GET,http://localhost/Alomed1/web/app_dev.php/indexmedecin,1608228261,,200
8eeea9,::1,GET,http://localhost/Alomed1/web/app_dev.php/indexmedecin,1608228290,,200
1661cd,::1,GET,http://localhost/Alomed1/web/app_dev.php/indexmedecin,1608229460,,200
265cf3,::1,GET,http://localhost/Alomed1/web/app_dev.php/indexmedecin,1608229530,,200
69934d,::1,GET,http://localhost/Alomed1/web/app_dev.php/indexmedecin,1608229698,,200
f17656,::1,GET,http://localhost/Alomed1/web/app_dev.php/indexmedecin,1608229744,,200
a3a660,::1,GET,http://localhost/Alomed1/web/app_dev.php/indexmedecin,1608229760,,200
3e06f2,::1,GET,http://localhost/Alomed1/web/app_dev.php/indexmedecin,1608229805,,200
5980f9,::1,GET,http://localhost/Alomed1/web/app_dev.php/indexmedecin,1608229855,,200
d0f566,::1,GET,http://localhost/Alomed1/web/app_dev.php/indexmedecin,1608229886,,200
ebefc4,::1,GET,http://localhost/Alomed1/web/app_dev.php/indexmedecin,1608229925,,200
7a3b53,::1,GET,http://localhost/Alomed1/web/app_dev.php/indexmedecin,1608229991,,200
aba561,::1,GET,http://localhost/Alomed1/web/app_dev.php/indexmedecin,1608230007,,200
1133c2,::1,GET,http://localhost/Alomed1/web/app_dev.php/indexmedecin,1608230019,,200
e93e0b,::1,GET,http://localhost/Alomed1/web/app_dev.php/indexmedecin,1608230032,,200
9e4688,::1,GET,http://localhost/Alomed1/web/app_dev.php/indexmedecin,1608230040,,200
0f51d6,::1,GET,http://localhost/Alomed1/web/app_dev.php/indexmedecin,1608230053,,200
52c71b,::1,GET,http://localhost/Alomed1/web/app_dev.php/medecin,1608230069,,200
9baafb,::1,POST,http://localhost/Alomed1/web/app_dev.php/medecin,1608230098,,302
65809e,::1,GET,http://localhost/Alomed1/web/app_dev.php/indexmedecin,1608230098,,200
a9f2b3,::1,GET,http://localhost/Alomed1/web/app_dev.php/indexmedecin,1608230238,,200
3b8019,::1,GET,http://localhost/Alomed1/web/app_dev.php/%3Cimg,1608230238,bb0ded,200
bb0ded,::1,GET,http://localhost/Alomed1/web/app_dev.php/%3Cimg,1608230238,,404
d0265c,::1,GET,http://localhost/Alomed1/web/app_dev.php/indexmedecin,1608230610,,200
ffe772,::1,GET,http://localhost/Alomed1/web/app_dev.php/indexmedecin,1608230613,,200
69d982,::1,GET,http://localhost/Alomed1/web/app_dev.php/indexmedecin,1608230686,,200
31cee7,::1,GET,http://localhost/Alomed1/web/app_dev.php/indexmedecin,1608231374,,200
5207be,::1,GET,http://localhost/Alomed1/web/app_dev.php/indexmedecin,1608231386,,200
c08fbc,::1,GET,http://localhost/Alomed1/web/app_dev.php/indexmedecin,1608231391,,200
1ac00b,::1,GET,http://localhost/Alomed1/web/app_dev.php/indexmedecin,1608231401,,200
b2ae2f,::1,GET,http://localhost/Alomed1/web/app_dev.php/indexmedecin,1608231405,,200
36eef4,::1,GET,http://localhost/Alomed1/web/app_dev.php/indexmedecin,1608231497,,200
d9ef25,::1,GET,http://localhost/Alomed1/web/app_dev.php/indexmedecin,1608231549,,200
ef56ec,::1,GET,http://localhost/Alomed1/web/app_dev.php/indexmedecin,1608231604,,200
76acc3,::1,GET,http://localhost/Alomed1/web/app_dev.php/indexmedecin,1608231623,,200
1da417,::1,GET,http://localhost/Alomed1/web/app_dev.php/indexmedecin,1608231674,,200
380a2f,::1,GET,http://localhost/Alomed1/web/app_dev.php/indexmedecin,1608231739,,200
448a1f,::1,GET,http://localhost/Alomed1/web/app_dev.php/indexmedecin,1608231867,,200
fab05e,::1,GET,http://localhost/Alomed1/web/app_dev.php/indexmedecin,1608231926,,200
7fbef7,::1,GET,http://localhost/Alomed1/web/app_dev.php/indexmedecin,1608232122,,200
972d86,::1,GET,http://localhost/Alomed1/web/app_dev.php/indexmedecin,1608232195,,200
ad7248,::1,GET,http://localhost/Alomed1/web/app_dev.php/indexmedecin,1608232224,,200
09a108,::1,GET,http://localhost/Alomed1/web/app_dev.php/indexmedecin,1608232373,,200
37c763,::1,GET,http://localhost/Alomed1/web/app_dev.php/indexmedecin,1608232424,,200
64f075,::1,GET,http://localhost/Alomed1/web/app_dev.php/indexmedecin,1608232467,,200
35e838,::1,GET,http://localhost/Alomed1/web/app_dev.php/indexmedecin,1608232716,,200
d2b9de,::1,GET,http://localhost/Alomed1/web/app_dev.php/indexmedecin,1608232744,,200
82b738,::1,GET,http://localhost/Alomed1/web/app_dev.php/medecin,1608233043,,200
19cd9e,::1,GET,http://localhost/Alomed1/web/app_dev.php/indexmedecin,1608233047,,200
408c15,::1,GET,http://localhost/Alomed1/web/app_dev.php/indexmedecin,1608233102,,200
c24c3e,::1,GET,http://localhost/Alomed1/web/app_dev.php/indexmedecin,1608233112,,200
5bf55c,::1,GET,http://localhost/Alomed1/web/app_dev.php/indexmedecin,1608233208,,200
